id,name,product_price,order_item_price,placed_on
1,Large table,102.12,91.44,2014-01-10 9:23:48
1,Large table,102.12,91.66,2014-02-16 16:09:51
1,Large table,102.12,93.69,2015-01-15 17:52:33
1,Large table,102.12,93.09,2015-01-20 23:39:51
1,Large table,102.12,94.41,2015-02-15 11:18:16
1,Large table,102.12,95.62,2015-10-06 13:52:45
1,Large table,102.12,95.56,2016-01-24 17:31:50
1,Large table,102.12,96.06,2016-03-04 13:45:04
1,Large table,102.12,96.01,2016-04-20 4:02:45
1,Large table,102.12,96.68,2016-07-03 5:38:52
1,Large table,102.12,96.47,2016-07-15 14:26:40
1,Large table,102.12,96.4,2016-07-15 14:26:40
1,Large table,102.12,98.24,2017-01-17 3:37:57
1,Large table,102.12,100,2017-12-02 17:07:12
1,Large table,102.12,101.46,2018-09-13 6:18:24
2,Cotton t-shirt,11.99,10.87,2014-01-14 7:27:17
2,Cotton t-shirt,11.99,10.74,2014-04-20 19:06:31
2,Cotton t-shirt,11.99,10.93,2014-06-14 15:30:40
2,Cotton t-shirt,11.99,11,2014-08-15 16:54:29
2,Cotton t-shirt,11.99,11,2014-09-14 3:49:45
2,Cotton t-shirt,11.99,10.95,2014-09-23 7:56:51
2,Cotton t-shirt,11.99,10.97,2014-10-02 17:20:52
2,Cotton t-shirt,11.99,10.98,2015-01-15 17:52:33
2,Cotton t-shirt,11.99,11.08,2015-02-19 6:27:02
2,Cotton t-shirt,11.99,11.05,2015-03-05 18:04:37
2,Cotton t-shirt,11.99,11.03,2015-04-28 17:52:02
2,Cotton t-shirt,11.99,11.03,2015-05-18 15:17:31
2,Cotton t-shirt,11.99,11.02,2015-06-02 11:18:23
2,Cotton t-shirt,11.99,11.06,2015-07-19 22:17:30
2,Cotton t-shirt,11.99,11.2,2015-12-10 9:47:48
2,Cotton t-shirt,11.99,11.19,2016-01-16 16:01:48
2,Cotton t-shirt,11.99,11.32,2016-01-24 17:31:50
2,Cotton t-shirt,11.99,11.28,2016-03-04 13:45:04
2,Cotton t-shirt,11.99,11.35,2016-03-04 13:45:04
2,Cotton t-shirt,11.99,11.3,2016-03-09 9:43:58
2,Cotton t-shirt,11.99,11.34,2016-04-25 10:43:25
2,Cotton t-shirt,11.99,11.36,2016-08-11 6:25:35
2,Cotton t-shirt,11.99,11.39,2016-09-12 15:44:46
2,Cotton t-shirt,11.99,11.38,2016-10-04 6:48:12
2,Cotton t-shirt,11.99,11.4,2016-10-27 23:36:31
2,Cotton t-shirt,11.99,11.42,2016-11-12 3:47:22
2,Cotton t-shirt,11.99,11.54,2017-01-08 10:57:05
2,Cotton t-shirt,11.99,11.54,2017-01-26 18:49:36
2,Cotton t-shirt,11.99,11.54,2017-02-08 2:32:09
2,Cotton t-shirt,11.99,11.53,2017-03-05 16:55:52
2,Cotton t-shirt,11.99,11.57,2017-03-25 10:52:14
2,Cotton t-shirt,11.99,11.6,2017-04-06 7:56:26
2,Cotton t-shirt,11.99,11.55,2017-04-06 7:56:26
2,Cotton t-shirt,11.99,11.72,2017-11-08 5:38:13
2,Cotton t-shirt,11.99,11.77,2018-02-08 20:29:16
2,Cotton t-shirt,11.99,11.95,2018-11-02 5:48:49
3,Wool coat,400.5,362.23,2014-01-14 20:03:43
3,Wool coat,400.5,362.06,2014-05-11 17:59:36
3,Wool coat,400.5,359.42,2014-06-03 10:58:53
3,Wool coat,400.5,364.83,2014-10-12 2:46:32
3,Wool coat,400.5,363.77,2014-10-17 11:59:35
3,Wool coat,400.5,366.97,2015-02-03 5:28:14
3,Wool coat,400.5,365.7,2015-02-15 11:18:16
3,Wool coat,400.5,368.09,2015-03-08 16:43:13
3,Wool coat,400.5,366.08,2015-03-26 1:35:18
3,Wool coat,400.5,370.4,2015-06-02 11:18:23
3,Wool coat,400.5,376.07,2015-10-22 7:38:43
3,Wool coat,400.5,374.86,2015-12-28 5:27:39
3,Wool coat,400.5,381.01,2016-09-26 9:13:35
3,Wool coat,400.5,384.63,2017-01-08 10:57:05
3,Wool coat,400.5,384.59,2017-01-08 10:57:05
3,Wool coat,400.5,390.96,2017-12-10 17:30:06
3,Wool coat,400.5,392.42,2018-02-06 1:14:53
3,Wool coat,400.5,394.55,2018-04-06 11:46:30
3,Wool coat,400.5,395.11,2018-04-24 11:47:34
3,Wool coat,400.5,396.6,2018-07-08 2:35:28
3,Wool coat,400.5,400.02,2018-12-12 12:13:32
4,See-through corded telephone,26.78,23.8,2014-01-10 9:23:48
4,See-through corded telephone,26.78,23.88,2014-01-14 7:27:17
4,See-through corded telephone,26.78,24.22,2014-02-16 16:09:51
4,See-through corded telephone,26.78,23.94,2014-02-17 1:25:58
4,See-through corded telephone,26.78,23.95,2014-02-21 14:58:25
4,See-through corded telephone,26.78,24.03,2014-03-16 16:21:50
4,See-through corded telephone,26.78,24.24,2014-10-02 17:20:52
4,See-through corded telephone,26.78,24.35,2014-10-05 17:36:32
4,See-through corded telephone,26.78,24.6,2014-11-04 8:38:27
4,See-through corded telephone,26.78,24.5,2014-11-04 8:38:27
4,See-through corded telephone,26.78,24.56,2014-11-07 1:50:28
4,See-through corded telephone,26.78,24.72,2014-12-08 15:57:44
4,See-through corded telephone,26.78,24.48,2015-01-15 17:52:33
4,See-through corded telephone,26.78,24.75,2015-02-24 10:21:20
4,See-through corded telephone,26.78,24.53,2015-04-28 17:52:02
4,See-through corded telephone,26.78,24.87,2015-06-02 11:18:23
4,See-through corded telephone,26.78,24.7,2015-06-07 21:43:14
4,See-through corded telephone,26.78,25.02,2015-10-13 15:54:28
4,See-through corded telephone,26.78,25.04,2015-12-28 5:27:39
4,See-through corded telephone,26.78,25.28,2016-03-04 13:45:04
4,See-through corded telephone,26.78,25.36,2016-07-15 14:26:40
4,See-through corded telephone,26.78,25.36,2016-08-11 6:25:35
4,See-through corded telephone,26.78,25.46,2016-08-21 23:45:53
4,See-through corded telephone,26.78,25.43,2016-09-10 16:27:21
4,See-through corded telephone,26.78,25.65,2016-11-25 11:54:52
4,See-through corded telephone,26.78,25.74,2016-12-08 5:51:11
4,See-through corded telephone,26.78,25.59,2016-12-23 4:36:12
4,See-through corded telephone,26.78,25.58,2017-01-08 10:57:05
4,See-through corded telephone,26.78,25.65,2017-02-08 2:32:09
4,See-through corded telephone,26.78,25.78,2017-03-21 18:07:20
4,See-through corded telephone,26.78,25.78,2017-03-28 4:44:53
4,See-through corded telephone,26.78,26,2017-09-18 14:10:54
4,See-through corded telephone,26.78,26.11,2017-10-14 10:04:09
4,See-through corded telephone,26.78,26.72,2018-11-20 14:02:41
5,V-neck t-shirt,10,8.95,2014-02-17 1:25:58
5,V-neck t-shirt,10,8.99,2014-07-04 15:55:24
5,V-neck t-shirt,10,9.1,2014-08-03 20:22:20
5,V-neck t-shirt,10,9.12,2014-10-05 17:36:32
5,V-neck t-shirt,10,9.09,2015-01-01 9:17:13
5,V-neck t-shirt,10,9.22,2015-03-05 18:04:37
5,V-neck t-shirt,10,9.23,2015-03-08 16:43:13
5,V-neck t-shirt,10,9.3,2015-08-10 23:54:46
5,V-neck t-shirt,10,9.29,2015-09-24 3:31:21
5,V-neck t-shirt,10,9.34,2015-10-22 7:38:43
5,V-neck t-shirt,10,9.36,2015-12-28 19:08:05
5,V-neck t-shirt,10,9.38,2015-12-28 19:08:05
5,V-neck t-shirt,10,9.38,2016-01-24 17:31:50
5,V-neck t-shirt,10,9.37,2016-01-25 12:20:26
5,V-neck t-shirt,10,9.34,2016-01-25 13:31:43
5,V-neck t-shirt,10,9.34,2016-02-01 20:14:48
5,V-neck t-shirt,10,9.45,2016-03-09 9:43:58
5,V-neck t-shirt,10,9.4,2016-04-25 10:43:25
5,V-neck t-shirt,10,9.53,2016-09-12 15:44:46
5,V-neck t-shirt,10,9.57,2016-10-04 6:48:12
5,V-neck t-shirt,10,9.55,2016-11-12 3:47:22
5,V-neck t-shirt,10,9.72,2017-07-03 11:26:47
5,V-neck t-shirt,10,9.7,2017-07-24 20:37:22
5,V-neck t-shirt,10,9.75,2017-12-02 6:27:31
5,V-neck t-shirt,10,9.84,2018-04-23 2:30:28
5,V-neck t-shirt,10,9.9,2018-07-05 13:12:51
5,V-neck t-shirt,10,9.96,2018-11-02 5:48:49
5,V-neck t-shirt,10,9.97,2018-11-02 5:48:49
6,Metal bowl,10,8.94,2014-03-15 3:28:42
6,Metal bowl,10,8.94,2014-03-26 9:38:43
6,Metal bowl,10,9.06,2014-08-03 20:22:20
6,Metal bowl,10,9.04,2014-08-24 22:17:17
6,Metal bowl,10,9.11,2014-09-14 3:49:45
6,Metal bowl,10,9.19,2014-10-02 17:20:52
6,Metal bowl,10,9.04,2014-10-02 17:20:52
6,Metal bowl,10,9.2,2014-10-17 1:14:34
6,Metal bowl,10,9.08,2014-11-17 12:09:01
6,Metal bowl,10,9.44,2016-01-24 17:31:50
6,Metal bowl,10,9.59,2016-11-05 13:24:42
6,Metal bowl,10,9.56,2016-11-21 6:01:58
6,Metal bowl,10,9.57,2017-01-08 10:57:05
6,Metal bowl,10,9.78,2017-12-02 17:07:12
6,Metal bowl,10,9.81,2018-02-07 2:44:19
7,Ceramic coffee mug,7.99,7.12,2014-01-22 8:23:25
7,Ceramic coffee mug,7.99,7.16,2014-02-16 16:09:51
7,Ceramic coffee mug,7.99,7.14,2014-02-17 1:25:58
7,Ceramic coffee mug,7.99,7.22,2014-08-24 22:17:17
7,Ceramic coffee mug,7.99,7.32,2014-12-26 18:31:46
7,Ceramic coffee mug,7.99,7.39,2015-01-15 17:52:33
7,Ceramic coffee mug,7.99,7.43,2015-08-10 23:54:46
7,Ceramic coffee mug,7.99,7.51,2015-10-22 7:38:43
7,Ceramic coffee mug,7.99,7.47,2016-01-17 23:54:58
7,Ceramic coffee mug,7.99,7.56,2016-03-09 9:43:58
7,Ceramic coffee mug,7.99,7.54,2016-04-25 10:43:25
7,Ceramic coffee mug,7.99,7.5,2016-04-25 10:43:25
7,Ceramic coffee mug,7.99,7.62,2016-09-20 1:32:38
7,Ceramic coffee mug,7.99,7.6,2016-09-26 9:13:35
7,Ceramic coffee mug,7.99,7.67,2016-12-08 5:51:11
7,Ceramic coffee mug,7.99,7.71,2017-03-25 10:52:14
7,Ceramic coffee mug,7.99,7.78,2017-10-18 23:37:36
7,Ceramic coffee mug,7.99,7.83,2017-12-10 17:30:06
7,Ceramic coffee mug,7.99,7.81,2018-01-03 12:03:11
7,Ceramic coffee mug,7.99,7.87,2018-04-23 2:30:28
7,Ceramic coffee mug,7.99,7.88,2018-04-23 23:43:09
7,Ceramic coffee mug,7.99,7.87,2018-04-24 11:47:34
7,Ceramic coffee mug,7.99,7.91,2018-07-05 13:12:51
8,Plastic shower curtain,14.99,13.41,2014-02-17 1:25:58
8,Plastic shower curtain,14.99,13.64,2014-08-03 20:22:20
8,Plastic shower curtain,14.99,13.73,2014-08-21 21:26:03
8,Plastic shower curtain,14.99,13.77,2014-09-28 21:14:13
8,Plastic shower curtain,14.99,13.76,2014-10-17 11:59:35
8,Plastic shower curtain,14.99,13.71,2014-12-26 18:31:46
8,Plastic shower curtain,14.99,13.78,2014-12-26 18:31:46
8,Plastic shower curtain,14.99,13.67,2015-01-17 9:20:01
8,Plastic shower curtain,14.99,13.88,2015-05-18 15:17:31
8,Plastic shower curtain,14.99,13.96,2015-08-08 19:16:39
8,Plastic shower curtain,14.99,14.04,2016-03-16 10:44:15
8,Plastic shower curtain,14.99,14.14,2016-04-20 4:02:45
8,Plastic shower curtain,14.99,14.24,2016-06-16 18:24:01
8,Plastic shower curtain,14.99,14.3,2016-12-23 4:36:12
8,Plastic shower curtain,14.99,14.43,2017-03-13 22:08:08
8,Plastic shower curtain,14.99,14.46,2017-03-13 22:08:08
8,Plastic shower curtain,14.99,14.45,2017-03-22 23:17:49
8,Plastic shower curtain,14.99,14.41,2017-04-06 7:56:26
8,Plastic shower curtain,14.99,14.52,2017-07-03 11:26:47
8,Plastic shower curtain,14.99,14.54,2017-07-03 20:39:18
8,Plastic shower curtain,14.99,14.5,2017-07-15 9:52:40
8,Plastic shower curtain,14.99,14.52,2017-07-17 3:20:39
8,Plastic shower curtain,14.99,14.62,2017-09-18 14:10:54
8,Plastic shower curtain,14.99,14.68,2017-12-06 21:58:06
8,Plastic shower curtain,14.99,14.65,2017-12-10 17:30:06
8,Plastic shower curtain,14.99,14.9,2018-09-13 6:18:24
8,Plastic shower curtain,14.99,14.94,2018-11-02 5:48:49
9,Down comforter,114.56,103.29,2014-02-02 13:09:03
9,Down comforter,114.56,102.72,2014-04-18 14:44:12
9,Down comforter,114.56,103.37,2014-09-12 1:08:06
9,Down comforter,114.56,103.94,2014-11-07 1:50:28
9,Down comforter,114.56,104.7,2015-02-19 6:27:02
9,Down comforter,114.56,107.14,2015-11-12 7:36:29
9,Down comforter,114.56,107.42,2016-01-17 23:54:58
9,Down comforter,114.56,108.03,2016-02-01 20:14:48
9,Down comforter,114.56,108.34,2016-03-09 9:43:58
9,Down comforter,114.56,111.86,2017-10-03 14:54:47
9,Down comforter,114.56,112.15,2017-12-06 21:58:06
9,Down comforter,114.56,112.87,2018-04-23 23:43:09
9,Down comforter,114.56,113.07,2018-05-13 17:08:40
10,Checkered curtains,80,71.52,2014-01-22 8:23:25
10,Checkered curtains,80,71.35,2014-02-21 14:58:25
10,Checkered curtains,80,72.12,2014-03-12 16:48:01
10,Checkered curtains,80,71.94,2014-03-26 9:38:43
10,Checkered curtains,80,72.79,2014-04-18 14:44:12
10,Checkered curtains,80,71.95,2014-05-11 17:59:36
10,Checkered curtains,80,72.5,2014-06-03 10:58:53
10,Checkered curtains,80,71.95,2014-07-04 15:55:24
10,Checkered curtains,80,73.03,2014-08-03 20:22:20
10,Checkered curtains,80,73.11,2014-08-05 23:03:47
10,Checkered curtains,80,72.14,2014-08-15 16:54:29
10,Checkered curtains,80,73.38,2014-08-24 22:17:17
10,Checkered curtains,80,72.23,2014-09-12 1:08:06
10,Checkered curtains,80,72.73,2014-10-02 10:48:32
10,Checkered curtains,80,72.29,2014-10-02 10:48:32
10,Checkered curtains,80,73.16,2014-11-10 17:42:55
10,Checkered curtains,80,73.77,2014-11-15 21:20:41
10,Checkered curtains,80,73.08,2014-11-15 21:20:41
10,Checkered curtains,80,73.65,2014-12-16 5:12:01
10,Checkered curtains,80,74.05,2015-01-20 23:39:51
10,Checkered curtains,80,73.95,2015-02-19 6:27:02
10,Checkered curtains,80,73.19,2015-02-19 6:27:02
10,Checkered curtains,80,73.87,2015-02-24 10:21:20
10,Checkered curtains,80,73.16,2015-03-05 18:04:37
10,Checkered curtains,80,73.34,2015-05-07 5:46:38
10,Checkered curtains,80,73.88,2015-05-18 15:17:31
10,Checkered curtains,80,73.73,2015-05-18 15:17:31
10,Checkered curtains,80,74.49,2015-07-28 1:50:48
10,Checkered curtains,80,74.07,2015-08-10 23:54:46
10,Checkered curtains,80,74.11,2015-09-05 10:20:52
10,Checkered curtains,80,74.04,2015-09-05 10:20:52
10,Checkered curtains,80,74.6,2015-09-24 3:31:21
10,Checkered curtains,80,74.04,2015-09-24 3:31:21
10,Checkered curtains,80,74.36,2015-10-06 13:52:45
10,Checkered curtains,80,75.08,2015-11-22 18:55:10
10,Checkered curtains,80,74.65,2015-12-10 9:47:48
10,Checkered curtains,80,74.55,2015-12-10 9:47:48
10,Checkered curtains,80,74.73,2016-01-17 23:54:58
10,Checkered curtains,80,75.38,2016-03-09 9:43:58
10,Checkered curtains,80,75.26,2016-04-25 7:57:51
10,Checkered curtains,80,75.34,2016-04-25 7:57:51
10,Checkered curtains,80,75.87,2016-06-22 22:26:49
10,Checkered curtains,80,75.86,2016-08-20 15:31:07
10,Checkered curtains,80,76.13,2016-08-21 23:45:53
10,Checkered curtains,80,75.86,2016-09-10 16:27:21
10,Checkered curtains,80,76.1,2016-09-22 14:32:34
10,Checkered curtains,80,76.32,2016-09-22 14:32:34
10,Checkered curtains,80,76.44,2016-09-26 9:13:35
10,Checkered curtains,80,76.27,2016-10-27 23:36:31
10,Checkered curtains,80,76.37,2016-10-27 23:36:31
10,Checkered curtains,80,76.27,2016-10-27 23:36:31
10,Checkered curtains,80,76.42,2016-10-27 23:36:31
10,Checkered curtains,80,76.49,2016-11-11 8:19:47
10,Checkered curtains,80,76.84,2016-12-03 13:24:37
10,Checkered curtains,80,76.77,2016-12-08 5:51:11
10,Checkered curtains,80,77.04,2017-01-26 9:09:47
10,Checkered curtains,80,77.08,2017-03-13 22:08:08
10,Checkered curtains,80,77.05,2017-03-25 10:52:14
10,Checkered curtains,80,77.15,2017-05-04 11:10:08
10,Checkered curtains,80,77.3,2017-05-11 3:56:27
10,Checkered curtains,80,77.27,2017-06-09 13:58:33
10,Checkered curtains,80,78.12,2017-10-14 10:04:09
10,Checkered curtains,80,78.02,2017-11-08 5:38:13
10,Checkered curtains,80,78.39,2017-12-06 21:58:06
10,Checkered curtains,80,78.09,2017-12-06 21:58:06
10,Checkered curtains,80,78.75,2018-04-23 2:30:28
10,Checkered curtains,80,78.83,2018-04-23 23:43:09
10,Checkered curtains,80,79.21,2018-07-05 13:12:51
10,Checkered curtains,80,79.17,2018-07-08 2:35:28
10,Checkered curtains,80,79.54,2018-09-13 6:18:24
10,Checkered curtains,80,79.49,2018-09-13 6:18:24
10,Checkered curtains,80,79.72,2018-11-02 5:48:49
11,Stainless steel flower pot,5,4.44,2014-01-14 20:03:43
11,Stainless steel flower pot,5,4.5,2014-02-02 13:09:03
11,Stainless steel flower pot,5,4.53,2014-04-18 14:44:12
11,Stainless steel flower pot,5,4.53,2014-08-03 20:22:20
11,Stainless steel flower pot,5,4.58,2014-10-05 17:36:32
11,Stainless steel flower pot,5,4.57,2014-10-17 1:14:34
11,Stainless steel flower pot,5,4.54,2014-10-17 11:59:35
11,Stainless steel flower pot,5,4.54,2014-11-07 1:50:28
11,Stainless steel flower pot,5,4.58,2015-05-09 1:37:59
11,Stainless steel flower pot,5,4.66,2015-11-12 7:36:29
11,Stainless steel flower pot,5,4.69,2016-03-04 13:45:04
11,Stainless steel flower pot,5,4.79,2016-11-13 11:56:42
11,Stainless steel flower pot,5,4.82,2017-02-08 2:32:09
11,Stainless steel flower pot,5,4.82,2017-04-06 7:56:26
11,Stainless steel flower pot,5,4.84,2017-05-11 3:56:27
11,Stainless steel flower pot,5,4.93,2018-04-24 11:47:34
11,Stainless steel flower pot,5,4.96,2018-08-07 22:35:01
12,Instant camera,20.99,19.12,2014-08-05 23:03:47
12,Instant camera,20.99,19.28,2014-09-12 1:08:06
12,Instant camera,20.99,18.95,2014-09-14 3:49:45
12,Instant camera,20.99,19.3,2015-01-20 23:39:51
12,Instant camera,20.99,19.31,2015-02-19 6:27:02
12,Instant camera,20.99,19.52,2015-04-28 17:52:02
12,Instant camera,20.99,19.3,2015-05-18 15:17:31
12,Instant camera,20.99,19.78,2016-01-16 16:01:48
12,Instant camera,20.99,19.63,2016-02-01 20:14:48
12,Instant camera,20.99,19.81,2016-03-03 4:26:05
12,Instant camera,20.99,19.64,2016-03-04 13:45:04
12,Instant camera,20.99,19.64,2016-03-09 9:43:58
12,Instant camera,20.99,19.75,2016-04-25 10:43:25
12,Instant camera,20.99,19.99,2016-07-17 7:57:35
12,Instant camera,20.99,20.02,2016-08-14 17:03:22
12,Instant camera,20.99,20.01,2016-08-21 23:45:53
12,Instant camera,20.99,20.12,2016-12-23 4:36:12
12,Instant camera,20.99,20.2,2017-01-08 10:57:05
12,Instant camera,20.99,20.35,2017-06-24 22:48:02
12,Instant camera,20.99,20.44,2017-10-03 14:54:47
12,Instant camera,20.99,20.76,2018-07-05 13:12:51
12,Instant camera,20.99,20.87,2018-09-13 6:18:24
12,Instant camera,20.99,20.94,2018-11-20 14:02:41
13,Paper gift bag,0.99,0.88,2014-01-07 1:28:36
13,Paper gift bag,0.99,0.9,2014-04-19 15:27:33
13,Paper gift bag,0.99,0.89,2014-04-20 19:06:31
13,Paper gift bag,0.99,0.9,2014-08-24 22:17:17
13,Paper gift bag,0.99,0.9,2014-09-14 3:49:45
13,Paper gift bag,0.99,0.9,2014-10-12 2:46:32
13,Paper gift bag,0.99,0.9,2014-11-07 1:50:28
13,Paper gift bag,0.99,0.91,2015-01-01 9:17:13
13,Paper gift bag,0.99,0.91,2015-02-15 11:18:16
13,Paper gift bag,0.99,0.93,2015-09-05 10:20:52
13,Paper gift bag,0.99,0.93,2016-01-25 12:20:26
13,Paper gift bag,0.99,0.93,2016-04-20 4:02:45
13,Paper gift bag,0.99,0.94,2016-08-11 6:25:35
13,Paper gift bag,0.99,0.94,2016-09-10 16:27:21
13,Paper gift bag,0.99,0.95,2016-09-20 12:01:55
13,Paper gift bag,0.99,0.95,2016-09-20 12:01:55
13,Paper gift bag,0.99,0.94,2016-11-21 6:01:58
13,Paper gift bag,0.99,0.96,2017-06-09 13:58:33
13,Paper gift bag,0.99,0.96,2017-07-15 9:52:40
13,Paper gift bag,0.99,0.97,2017-10-18 23:37:36
13,Paper gift bag,0.99,0.97,2018-01-07 8:08:18
13,Paper gift bag,0.99,0.99,2018-11-02 5:48:49
13,Paper gift bag,0.99,0.99,2018-11-20 14:02:41
14,Custom hockey stick,100,90.62,2014-02-19 10:13:51
14,Custom hockey stick,100,90.27,2014-03-26 9:38:43
14,Custom hockey stick,100,89.71,2014-04-16 14:31:36
14,Custom hockey stick,100,90.03,2014-06-06 5:21:56
14,Custom hockey stick,100,91.87,2014-09-14 3:49:45
14,Custom hockey stick,100,91.73,2014-10-02 17:20:52
14,Custom hockey stick,100,91.49,2015-02-24 10:21:20
14,Custom hockey stick,100,91.83,2015-02-24 10:21:20
14,Custom hockey stick,100,93.29,2015-09-05 10:20:52
14,Custom hockey stick,100,93.49,2015-11-22 18:55:10
14,Custom hockey stick,100,93.54,2016-01-25 13:31:43
14,Custom hockey stick,100,93.41,2016-02-01 20:14:48
14,Custom hockey stick,100,94.29,2016-03-16 21:26:44
14,Custom hockey stick,100,94.66,2016-06-22 22:26:49
14,Custom hockey stick,100,95.71,2016-09-20 12:01:55
14,Custom hockey stick,100,94.9,2016-10-04 6:48:12
14,Custom hockey stick,100,96.12,2017-03-13 22:08:08
14,Custom hockey stick,100,98.64,2018-04-24 11:47:34
14,Custom hockey stick,100,98.76,2018-05-04 19:04:32
14,Custom hockey stick,100,98.65,2018-05-13 17:08:40
14,Custom hockey stick,100,99.23,2018-08-07 22:35:01
14,Custom hockey stick,100,99.34,2018-09-13 6:18:24
15,Organic honey,15.99,14.46,2014-01-14 7:27:17
15,Organic honey,15.99,14.28,2014-02-19 10:13:51
15,Organic honey,15.99,14.37,2014-02-21 14:58:25
15,Organic honey,15.99,14.51,2014-05-11 17:59:36
15,Organic honey,15.99,14.42,2014-06-06 5:21:56
15,Organic honey,15.99,14.35,2014-06-16 21:17:54
15,Organic honey,15.99,14.44,2014-06-16 21:17:54
15,Organic honey,15.99,14.51,2014-07-04 15:55:24
15,Organic honey,15.99,14.5,2014-10-05 17:36:32
15,Organic honey,15.99,14.58,2014-10-17 11:59:35
15,Organic honey,15.99,14.77,2015-01-15 17:52:33
15,Organic honey,15.99,14.6,2015-02-03 5:28:14
15,Organic honey,15.99,14.78,2015-02-03 5:28:14
15,Organic honey,15.99,14.72,2015-02-03 5:28:14
15,Organic honey,15.99,14.68,2015-02-19 6:27:02
15,Organic honey,15.99,14.59,2015-02-24 10:21:20
15,Organic honey,15.99,14.72,2015-06-07 21:43:14
15,Organic honey,15.99,14.89,2015-06-07 21:43:14
15,Organic honey,15.99,14.86,2015-07-28 1:50:48
15,Organic honey,15.99,14.77,2015-08-08 19:16:39
15,Organic honey,15.99,14.8,2015-08-10 23:54:46
15,Organic honey,15.99,14.88,2015-09-05 10:20:52
15,Organic honey,15.99,14.98,2015-10-06 13:52:45
15,Organic honey,15.99,15.01,2015-10-16 12:26:47
15,Organic honey,15.99,14.86,2015-10-22 7:38:43
15,Organic honey,15.99,14.84,2015-10-25 21:56:48
15,Organic honey,15.99,14.94,2015-11-22 18:55:10
15,Organic honey,15.99,14.95,2015-12-10 9:47:48
15,Organic honey,15.99,15.07,2016-01-16 16:01:48
15,Organic honey,15.99,15.02,2016-01-24 17:31:50
15,Organic honey,15.99,14.93,2016-01-25 12:20:26
15,Organic honey,15.99,14.99,2016-02-04 10:44:07
15,Organic honey,15.99,15.21,2016-06-16 18:24:01
15,Organic honey,15.99,15.19,2016-07-25 18:47:07
15,Organic honey,15.99,15.25,2016-07-25 18:47:07
15,Organic honey,15.99,15.27,2016-09-20 1:32:38
15,Organic honey,15.99,15.3,2016-11-12 3:47:22
15,Organic honey,15.99,15.32,2016-11-13 11:56:42
15,Organic honey,15.99,15.23,2016-11-25 11:54:52
15,Organic honey,15.99,15.27,2016-12-23 4:36:12
15,Organic honey,15.99,15.35,2017-03-05 16:55:52
15,Organic honey,15.99,15.4,2017-03-25 10:52:14
15,Organic honey,15.99,15.47,2017-05-18 21:03:42
15,Organic honey,15.99,15.54,2017-07-03 11:26:47
15,Organic honey,15.99,15.53,2017-07-03 11:26:47
15,Organic honey,15.99,15.55,2017-09-18 14:10:54
15,Organic honey,15.99,15.56,2017-10-18 23:37:36
15,Organic honey,15.99,15.66,2017-12-06 21:58:06
15,Organic honey,15.99,15.65,2018-01-27 9:36:01
15,Organic honey,15.99,15.66,2018-01-27 9:36:01
15,Organic honey,15.99,15.89,2018-09-13 6:18:24
15,Organic honey,15.99,15.92,2018-10-07 17:02:05
15,Organic honey,15.99,15.91,2018-10-07 17:02:05
15,Organic honey,15.99,15.95,2018-11-20 14:02:41
15,Organic honey,15.99,15.95,2018-11-20 14:02:41
16,Colourful pillow,20,18.01,2014-03-16 16:21:50
16,Colourful pillow,20,18.15,2014-04-19 15:27:33
16,Colourful pillow,20,17.89,2014-05-11 17:59:36
16,Colourful pillow,20,18.01,2014-06-06 5:21:56
16,Colourful pillow,20,18.19,2014-11-10 17:42:55
16,Colourful pillow,20,18.26,2015-01-15 17:52:33
16,Colourful pillow,20,18.31,2015-02-19 6:27:02
16,Colourful pillow,20,18.5,2015-02-24 10:21:20
16,Colourful pillow,20,18.29,2015-03-05 9:31:59
16,Colourful pillow,20,18.62,2015-05-22 3:54:27
16,Colourful pillow,20,18.39,2015-06-02 11:18:23
16,Colourful pillow,20,18.45,2015-08-08 19:16:39
16,Colourful pillow,20,18.49,2015-08-08 19:16:39
16,Colourful pillow,20,18.49,2015-08-10 23:54:46
16,Colourful pillow,20,18.71,2015-10-25 21:56:48
16,Colourful pillow,20,18.69,2015-10-25 21:56:48
16,Colourful pillow,20,18.72,2015-11-12 7:36:29
16,Colourful pillow,20,18.82,2015-12-28 19:08:05
16,Colourful pillow,20,18.81,2016-01-16 16:01:48
16,Colourful pillow,20,18.97,2016-07-15 14:26:40
16,Colourful pillow,20,19.08,2016-08-21 23:45:53
16,Colourful pillow,20,19.09,2016-09-10 16:27:21
16,Colourful pillow,20,19.09,2016-10-08 17:58:26
16,Colourful pillow,20,19.18,2016-11-13 11:56:42
16,Colourful pillow,20,19.1,2017-01-08 10:57:05
16,Colourful pillow,20,19.23,2017-02-08 2:32:09
16,Colourful pillow,20,19.22,2017-03-13 22:08:08
16,Colourful pillow,20,19.36,2017-07-15 9:52:40
16,Colourful pillow,20,19.52,2017-10-18 23:37:36
16,Colourful pillow,20,19.54,2017-11-26 17:21:12
16,Colourful pillow,20,19.56,2017-11-26 17:21:12
16,Colourful pillow,20,19.79,2018-07-05 13:12:51
16,Colourful pillow,20,19.98,2018-12-11 16:59:57
17,Cotton comforter cover,34.99,31.65,2014-02-02 13:09:03
17,Cotton comforter cover,34.99,31.44,2014-02-16 16:09:51
17,Cotton comforter cover,34.99,31.56,2014-07-04 15:55:24
17,Cotton comforter cover,34.99,31.74,2014-08-21 21:26:03
17,Cotton comforter cover,34.99,32.25,2014-11-07 1:50:28
17,Cotton comforter cover,34.99,32.08,2015-02-03 5:28:14
17,Cotton comforter cover,34.99,32.38,2015-02-15 11:18:16
17,Cotton comforter cover,34.99,32.14,2015-05-22 3:54:27
17,Cotton comforter cover,34.99,32.77,2016-01-24 17:31:50
17,Cotton comforter cover,34.99,33.4,2016-10-04 6:48:12
17,Cotton comforter cover,34.99,34.19,2017-12-02 17:07:12
17,Cotton comforter cover,34.99,34.43,2018-04-06 11:46:30
17,Cotton comforter cover,34.99,34.53,2018-04-23 2:30:28
17,Cotton comforter cover,34.99,34.47,2018-04-23 2:30:28
18,Plastic cutlery set,2.5,2.24,2014-02-16 16:09:51
18,Plastic cutlery set,2.5,2.25,2014-02-21 14:58:25
18,Plastic cutlery set,2.5,2.26,2014-04-16 14:31:36
18,Plastic cutlery set,2.5,2.25,2014-04-18 14:44:12
18,Plastic cutlery set,2.5,2.24,2014-04-20 19:06:31
18,Plastic cutlery set,2.5,2.28,2014-06-26 19:34:57
18,Plastic cutlery set,2.5,2.26,2014-07-04 15:55:24
18,Plastic cutlery set,2.5,2.27,2014-08-05 23:03:47
18,Plastic cutlery set,2.5,2.28,2014-08-15 16:54:29
18,Plastic cutlery set,2.5,2.29,2015-02-19 6:27:02
18,Plastic cutlery set,2.5,2.3,2015-04-14 21:57:28
18,Plastic cutlery set,2.5,2.32,2015-04-14 21:57:28
18,Plastic cutlery set,2.5,2.31,2015-05-22 3:54:27
18,Plastic cutlery set,2.5,2.32,2015-09-05 10:20:52
18,Plastic cutlery set,2.5,2.35,2016-01-25 13:31:43
18,Plastic cutlery set,2.5,2.35,2016-02-01 20:14:48
18,Plastic cutlery set,2.5,2.36,2016-03-16 21:26:44
18,Plastic cutlery set,2.5,2.37,2016-08-14 17:03:22
18,Plastic cutlery set,2.5,2.39,2016-08-14 17:03:22
18,Plastic cutlery set,2.5,2.39,2016-11-05 13:24:42
18,Plastic cutlery set,2.5,2.39,2017-02-08 2:32:09
18,Plastic cutlery set,2.5,2.41,2017-03-13 22:08:08
18,Plastic cutlery set,2.5,2.41,2017-03-13 22:08:08
18,Plastic cutlery set,2.5,2.41,2017-03-28 4:44:53
18,Plastic cutlery set,2.5,2.42,2017-05-18 21:03:42
18,Plastic cutlery set,2.5,2.44,2017-11-08 5:38:13
18,Plastic cutlery set,2.5,2.46,2018-03-09 12:23:26
18,Plastic cutlery set,2.5,2.49,2018-09-13 6:18:24
18,Plastic cutlery set,2.5,2.49,2018-11-02 5:48:49
18,Plastic cutlery set,2.5,2.49,2018-11-20 8:10:53
18,Plastic cutlery set,2.5,2.49,2018-11-24 13:57:23
19,Paper mache light fixture,45,40.46,2014-01-22 8:23:25
19,Paper mache light fixture,45,40.85,2014-02-16 16:09:51
19,Paper mache light fixture,45,40.09,2014-03-03 22:51:10
19,Paper mache light fixture,45,40.4,2014-04-19 15:27:33
19,Paper mache light fixture,45,40.99,2014-06-16 21:17:54
19,Paper mache light fixture,45,40.71,2014-07-04 15:55:24
19,Paper mache light fixture,45,40.77,2014-09-28 21:14:13
19,Paper mache light fixture,45,40.9,2014-11-04 8:38:27
19,Paper mache light fixture,45,41.01,2015-01-17 9:20:01
19,Paper mache light fixture,45,41.47,2015-03-05 18:04:37
19,Paper mache light fixture,45,41.36,2015-05-18 15:17:31
19,Paper mache light fixture,45,41.75,2015-06-07 21:43:14
19,Paper mache light fixture,45,41.69,2015-07-19 22:17:30
19,Paper mache light fixture,45,42.04,2015-08-08 19:16:39
19,Paper mache light fixture,45,41.66,2015-08-10 23:54:46
19,Paper mache light fixture,45,42.1,2015-12-28 19:08:05
19,Paper mache light fixture,45,42.5,2016-03-03 4:26:05
19,Paper mache light fixture,45,42.27,2016-03-04 13:45:04
19,Paper mache light fixture,45,42.37,2016-03-09 9:43:58
19,Paper mache light fixture,45,42.2,2016-03-16 10:44:15
19,Paper mache light fixture,45,42.36,2016-04-25 7:57:51
19,Paper mache light fixture,45,42.43,2016-04-25 10:43:25
19,Paper mache light fixture,45,42.81,2016-06-16 18:24:01
19,Paper mache light fixture,45,42.71,2016-06-22 22:26:49
19,Paper mache light fixture,45,42.68,2016-07-17 7:57:35
19,Paper mache light fixture,45,42.79,2016-08-14 17:03:22
19,Paper mache light fixture,45,42.76,2016-08-14 17:03:22
19,Paper mache light fixture,45,43.16,2016-11-12 3:47:22
19,Paper mache light fixture,45,43.15,2016-12-23 4:36:12
19,Paper mache light fixture,45,43.24,2017-01-26 18:49:36
19,Paper mache light fixture,45,43.55,2017-05-11 3:56:27
19,Paper mache light fixture,45,44.36,2018-04-23 23:43:09
19,Paper mache light fixture,45,44.9,2018-11-20 14:02:41
19,Paper mache light fixture,45,44.95,2018-12-11 16:59:57
19,Paper mache light fixture,45,44.95,2018-12-11 16:59:57
19,Paper mache light fixture,45,44.95,2018-12-11 16:59:57
20,Copper string of decorative lights,25,22.72,2014-05-11 14:16:06
20,Copper string of decorative lights,25,22.48,2014-06-16 21:17:54
20,Copper string of decorative lights,25,22.97,2014-10-17 1:14:34
20,Copper string of decorative lights,25,23.23,2015-04-28 17:52:02
20,Copper string of decorative lights,25,23.34,2015-08-10 23:54:46
20,Copper string of decorative lights,25,23.27,2015-10-22 7:38:43
20,Copper string of decorative lights,25,23.62,2016-04-25 10:43:25
20,Copper string of decorative lights,25,23.68,2016-07-17 7:57:35
20,Copper string of decorative lights,25,23.73,2016-10-02 14:37:50
20,Copper string of decorative lights,25,24.75,2018-07-05 13:12:51
21,Salt & pepper shakers,14.3,13.07,2014-06-14 15:30:40
21,Salt & pepper shakers,14.3,13.18,2015-01-15 17:52:33
21,Salt & pepper shakers,14.3,13.06,2015-02-03 5:28:14
21,Salt & pepper shakers,14.3,13.16,2015-04-14 21:57:28
21,Salt & pepper shakers,14.3,13.3,2015-05-07 5:46:38
21,Salt & pepper shakers,14.3,13.33,2015-10-22 7:38:43
21,Salt & pepper shakers,14.3,13.57,2016-04-25 10:43:25
21,Salt & pepper shakers,14.3,13.65,2016-10-08 17:58:26
21,Salt & pepper shakers,14.3,13.63,2016-10-27 23:36:31
21,Salt & pepper shakers,14.3,13.64,2016-11-13 11:56:42
21,Salt & pepper shakers,14.3,13.71,2017-01-17 3:37:57
21,Salt & pepper shakers,14.3,13.82,2017-06-24 22:48:02
21,Salt & pepper shakers,14.3,14.16,2018-06-26 17:22:18
21,Salt & pepper shakers,14.3,14.29,2018-12-11 16:59:57
22,Glass artwork,105.34,94.32,2014-01-22 8:23:25
22,Glass artwork,105.34,94.89,2014-06-26 19:34:57
22,Glass artwork,105.34,96.98,2014-11-10 17:42:55
22,Glass artwork,105.34,96.46,2015-01-20 23:39:51
22,Glass artwork,105.34,97.04,2015-02-19 6:27:02
22,Glass artwork,105.34,97.05,2015-06-02 11:18:23
22,Glass artwork,105.34,98.42,2016-02-01 20:14:48
22,Glass artwork,105.34,99.69,2016-04-25 10:43:25
22,Glass artwork,105.34,100.95,2016-11-05 13:24:42
22,Glass artwork,105.34,101.36,2017-01-08 10:57:05
22,Glass artwork,105.34,101.47,2017-04-06 7:56:26
22,Glass artwork,105.34,103.99,2018-05-04 19:04:32
22,Glass artwork,105.34,105.23,2018-12-12 12:13:32
23,Knitted sweater,55,49.58,2014-01-10 9:23:48
23,Knitted sweater,55,49.99,2014-03-16 16:21:50
23,Knitted sweater,55,50.4,2014-11-10 17:42:55
23,Knitted sweater,55,50.8,2015-02-15 11:18:16
23,Knitted sweater,55,51.11,2015-10-13 15:54:28
23,Knitted sweater,55,51.2,2015-10-16 12:26:47
23,Knitted sweater,55,52.11,2016-06-16 18:24:01
23,Knitted sweater,55,52.57,2016-10-27 23:36:31
23,Knitted sweater,55,52.98,2017-03-22 23:17:49
23,Knitted sweater,55,53.88,2017-12-10 17:30:06
23,Knitted sweater,55,54.01,2018-02-06 1:14:53
23,Knitted sweater,55,53.87,2018-02-06 1:14:53
24,Pine shelf,15,13.34,2014-01-14 7:27:17
24,Pine shelf,15,13.43,2014-01-14 7:27:17
24,Pine shelf,15,13.45,2014-01-14 20:03:43
24,Pine shelf,15,13.48,2014-03-16 16:21:50
24,Pine shelf,15,13.49,2014-05-11 17:59:36
24,Pine shelf,15,13.54,2014-05-11 17:59:36
24,Pine shelf,15,13.52,2014-07-04 15:55:24
24,Pine shelf,15,13.77,2014-08-24 22:17:17
24,Pine shelf,15,13.66,2014-11-07 1:50:28
24,Pine shelf,15,13.73,2014-11-17 12:09:01
24,Pine shelf,15,13.79,2015-05-07 5:46:38
24,Pine shelf,15,13.9,2015-10-16 12:26:47
24,Pine shelf,15,14.1,2015-11-12 7:36:29
24,Pine shelf,15,14.05,2015-11-12 7:36:29
24,Pine shelf,15,14,2016-01-25 13:31:43
24,Pine shelf,15,14.1,2016-03-09 9:43:58
24,Pine shelf,15,14.21,2016-04-20 4:02:45
24,Pine shelf,15,14.25,2016-06-22 22:26:49
24,Pine shelf,15,14.32,2016-11-21 6:01:58
24,Pine shelf,15,14.31,2016-11-21 6:01:58
24,Pine shelf,15,14.45,2017-01-26 18:49:36
24,Pine shelf,15,14.4,2017-03-01 22:44:02
24,Pine shelf,15,14.55,2017-07-03 11:26:47
24,Pine shelf,15,14.52,2017-07-03 20:39:18
24,Pine shelf,15,14.68,2017-12-02 6:27:31
24,Pine shelf,15,14.69,2017-12-02 17:07:12
24,Pine shelf,15,14.74,2018-02-10 23:12:14
24,Pine shelf,15,14.79,2018-04-24 11:47:34
24,Pine shelf,15,14.85,2018-07-05 13:12:51
25,Wooden snowshoes,85,76.65,2014-01-14 20:03:43
25,Wooden snowshoes,85,76.19,2014-02-16 16:09:51
25,Wooden snowshoes,85,77.18,2014-02-17 1:25:58
25,Wooden snowshoes,85,75.79,2014-02-17 1:25:58
25,Wooden snowshoes,85,76.94,2014-03-03 22:51:10
25,Wooden snowshoes,85,75.63,2014-03-03 22:51:10
25,Wooden snowshoes,85,76.02,2014-04-16 14:31:36
25,Wooden snowshoes,85,77.2,2014-04-20 19:06:31
25,Wooden snowshoes,85,76.56,2014-05-11 14:16:06
25,Wooden snowshoes,85,77.2,2014-06-16 21:17:54
25,Wooden snowshoes,85,76.75,2014-06-26 19:34:57
25,Wooden snowshoes,85,76.86,2014-06-26 19:34:57
25,Wooden snowshoes,85,76.81,2014-08-03 20:22:20
25,Wooden snowshoes,85,77.43,2014-08-15 16:54:29
25,Wooden snowshoes,85,76.96,2014-10-05 17:36:32
25,Wooden snowshoes,85,77,2014-10-17 11:59:35
25,Wooden snowshoes,85,77.29,2014-11-04 8:38:27
25,Wooden snowshoes,85,77.74,2015-03-08 16:43:13
25,Wooden snowshoes,85,77.91,2015-03-08 16:43:13
25,Wooden snowshoes,85,78.79,2015-04-28 17:52:02
25,Wooden snowshoes,85,78.51,2015-06-07 21:43:14
25,Wooden snowshoes,85,79.26,2015-09-05 10:20:52
25,Wooden snowshoes,85,79.15,2015-10-22 7:38:43
25,Wooden snowshoes,85,80.21,2016-01-16 16:01:48
25,Wooden snowshoes,85,79.95,2016-01-17 23:54:58
25,Wooden snowshoes,85,80.03,2016-03-03 4:26:05
25,Wooden snowshoes,85,79.69,2016-03-16 21:26:44
25,Wooden snowshoes,85,80.6,2016-04-20 4:02:45
25,Wooden snowshoes,85,80.6,2016-04-25 7:57:51
25,Wooden snowshoes,85,80.57,2016-05-03 16:46:21
25,Wooden snowshoes,85,81.23,2016-09-22 14:32:34
25,Wooden snowshoes,85,81.21,2016-10-27 23:36:31
25,Wooden snowshoes,85,81.41,2016-11-12 3:47:22
25,Wooden snowshoes,85,81.1,2016-11-25 11:54:52
25,Wooden snowshoes,85,81.69,2017-01-08 10:57:05
25,Wooden snowshoes,85,81.97,2017-03-05 16:55:52
25,Wooden snowshoes,85,81.63,2017-03-13 22:08:08
25,Wooden snowshoes,85,81.61,2017-03-25 10:52:14
25,Wooden snowshoes,85,82.39,2017-06-09 13:58:33
25,Wooden snowshoes,85,82.83,2017-10-14 10:04:09
25,Wooden snowshoes,85,82.94,2017-10-18 23:37:36
25,Wooden snowshoes,85,83.7,2018-04-23 23:43:09
25,Wooden snowshoes,85,84.4,2018-08-28 14:01:15
25,Wooden snowshoes,85,84.51,2018-09-13 6:18:24
26,Metal picture frame,8.99,8.05,2014-01-25 7:27:13
26,Metal picture frame,8.99,8.07,2014-03-16 16:21:50
26,Metal picture frame,8.99,8.1,2014-04-18 14:44:12
26,Metal picture frame,8.99,8.13,2014-04-20 19:06:31
26,Metal picture frame,8.99,8.06,2014-06-06 5:21:56
26,Metal picture frame,8.99,8.17,2014-06-14 15:30:40
26,Metal picture frame,8.99,8.09,2014-07-04 15:55:24
26,Metal picture frame,8.99,8.29,2015-01-15 17:52:33
26,Metal picture frame,8.99,8.2,2015-02-03 5:28:14
26,Metal picture frame,8.99,8.34,2015-03-05 18:04:37
26,Metal picture frame,8.99,8.29,2015-03-05 18:04:37
26,Metal picture frame,8.99,8.35,2015-05-09 1:37:59
26,Metal picture frame,8.99,8.32,2015-05-09 1:37:59
26,Metal picture frame,8.99,8.34,2015-08-10 23:54:46
26,Metal picture frame,8.99,8.36,2015-10-13 15:54:28
26,Metal picture frame,8.99,8.41,2015-10-25 21:56:48
26,Metal picture frame,8.99,8.42,2015-12-10 9:47:48
26,Metal picture frame,8.99,8.43,2016-01-16 16:01:48
26,Metal picture frame,8.99,8.48,2016-01-25 13:31:43
26,Metal picture frame,8.99,8.49,2016-07-15 14:26:40
26,Metal picture frame,8.99,8.57,2016-07-25 18:47:07
26,Metal picture frame,8.99,8.58,2016-11-11 8:19:47
26,Metal picture frame,8.99,8.56,2016-11-25 11:54:52
26,Metal picture frame,8.99,8.62,2016-12-08 5:51:11
26,Metal picture frame,8.99,8.63,2017-01-26 18:49:36
26,Metal picture frame,8.99,8.66,2017-03-25 10:52:14
26,Metal picture frame,8.99,8.68,2017-03-28 4:44:53
26,Metal picture frame,8.99,8.68,2017-05-18 21:03:42
26,Metal picture frame,8.99,8.73,2017-06-24 22:48:02
26,Metal picture frame,8.99,8.7,2017-07-03 11:26:47
26,Metal picture frame,8.99,8.77,2017-11-26 17:21:12
26,Metal picture frame,8.99,8.85,2018-04-23 23:43:09
26,Metal picture frame,8.99,8.97,2018-11-11 1:08:21
27,Silk throw,52.5,47.44,2014-01-14 20:03:43
27,Silk throw,52.5,47.06,2014-03-15 3:28:42
27,Silk throw,52.5,47.4,2014-06-16 21:17:54
27,Silk throw,52.5,47.74,2014-06-26 19:34:57
27,Silk throw,52.5,48.11,2014-08-24 22:17:17
27,Silk throw,52.5,48.66,2015-02-24 10:21:20
27,Silk throw,52.5,47.99,2015-03-05 18:04:37
27,Silk throw,52.5,48.66,2015-03-08 16:43:13
27,Silk throw,52.5,48.66,2015-05-07 5:46:38
27,Silk throw,52.5,48.34,2015-05-09 1:37:59
27,Silk throw,52.5,48.97,2015-08-08 19:16:39
27,Silk throw,52.5,48.61,2015-09-05 10:20:52
27,Silk throw,52.5,49.2,2015-09-05 10:20:52
27,Silk throw,52.5,48.78,2015-10-22 7:38:43
27,Silk throw,52.5,49.15,2015-11-22 18:55:10
27,Silk throw,52.5,49.22,2016-02-01 20:14:48
27,Silk throw,52.5,49.44,2016-03-04 13:45:04
27,Silk throw,52.5,49.84,2016-07-15 14:26:40
27,Silk throw,52.5,49.75,2016-08-11 6:25:35
27,Silk throw,52.5,50.05,2016-09-10 16:27:21
27,Silk throw,52.5,50.16,2017-01-17 3:37:57
27,Silk throw,52.5,50.55,2017-03-25 10:52:14
27,Silk throw,52.5,50.43,2017-03-25 10:52:14
27,Silk throw,52.5,50.92,2017-06-09 13:58:33
27,Silk throw,52.5,50.92,2017-07-03 11:26:47
27,Silk throw,52.5,51.07,2017-10-18 23:37:36
27,Silk throw,52.5,51.53,2018-03-09 12:23:26
27,Silk throw,52.5,51.74,2018-04-05 5:30:01
27,Silk throw,52.5,51.72,2018-04-06 11:46:30
27,Silk throw,52.5,51.77,2018-04-24 11:47:34
27,Silk throw,52.5,51.96,2018-06-26 17:22:18
27,Silk throw,52.5,52.37,2018-11-20 14:02:41
27,Silk throw,52.5,52.39,2018-11-24 13:57:23
28,Wooden pepper mill,30,26.78,2014-01-14 20:03:43
28,Wooden pepper mill,30,26.75,2014-01-22 8:23:25
28,Wooden pepper mill,30,26.87,2014-02-21 14:58:25
28,Wooden pepper mill,30,26.8,2014-03-15 3:28:42
28,Wooden pepper mill,30,26.87,2014-05-11 14:16:06
28,Wooden pepper mill,30,27.17,2014-06-14 15:30:40
28,Wooden pepper mill,30,27.28,2014-10-12 2:46:32
28,Wooden pepper mill,30,27.5,2014-11-04 8:38:27
28,Wooden pepper mill,30,27.47,2014-11-10 17:42:55
28,Wooden pepper mill,30,27.32,2014-12-26 18:31:46
28,Wooden pepper mill,30,27.73,2015-03-05 9:31:59
28,Wooden pepper mill,30,27.88,2015-05-07 5:46:38
28,Wooden pepper mill,30,27.64,2015-06-02 11:18:23
28,Wooden pepper mill,30,28.12,2015-09-24 3:31:21
28,Wooden pepper mill,30,28.18,2015-10-13 15:54:28
28,Wooden pepper mill,30,28.09,2015-10-13 15:54:28
28,Wooden pepper mill,30,28.12,2015-12-28 5:27:39
28,Wooden pepper mill,30,28.04,2016-01-16 16:01:48
28,Wooden pepper mill,30,28.39,2016-03-03 4:26:05
28,Wooden pepper mill,30,28.54,2016-06-22 22:26:49
28,Wooden pepper mill,30,28.65,2016-12-23 4:36:12
28,Wooden pepper mill,30,28.67,2017-01-08 10:57:05
28,Wooden pepper mill,30,28.87,2017-02-08 2:32:09
28,Wooden pepper mill,30,29.12,2017-07-17 3:20:39
28,Wooden pepper mill,30,29.18,2017-10-06 9:21:19
28,Wooden pepper mill,30,29.27,2017-11-08 5:38:13
28,Wooden pepper mill,30,29.46,2018-01-27 9:36:01
28,Wooden pepper mill,30,29.46,2018-02-07 2:44:19
28,Wooden pepper mill,30,29.6,2018-04-23 2:30:28
28,Wooden pepper mill,30,29.57,2018-04-24 11:47:34
28,Wooden pepper mill,30,29.76,2018-08-07 22:35:01
28,Wooden pepper mill,30,29.93,2018-11-20 14:02:41
29,Stainless steel grater,9.99,8.87,2014-01-14 7:27:17
29,Stainless steel grater,9.99,8.95,2014-02-02 13:09:03
29,Stainless steel grater,9.99,9.07,2014-02-17 1:25:58
29,Stainless steel grater,9.99,9.08,2014-05-11 14:16:06
29,Stainless steel grater,9.99,8.98,2014-05-11 14:16:06
29,Stainless steel grater,9.99,9.01,2014-06-16 21:17:54
29,Stainless steel grater,9.99,8.99,2014-07-04 15:55:24
29,Stainless steel grater,9.99,9.08,2014-09-12 1:08:06
29,Stainless steel grater,9.99,9.17,2015-03-08 16:43:13
29,Stainless steel grater,9.99,9.32,2015-07-19 22:17:30
29,Stainless steel grater,9.99,9.32,2015-08-14 6:02:14
29,Stainless steel grater,9.99,9.31,2015-09-24 3:31:21
29,Stainless steel grater,9.99,9.38,2015-10-06 13:52:45
29,Stainless steel grater,9.99,9.35,2015-10-16 12:26:47
29,Stainless steel grater,9.99,9.34,2015-11-12 7:36:29
29,Stainless steel grater,9.99,9.43,2016-01-24 11:38:27
29,Stainless steel grater,9.99,9.39,2016-04-20 4:02:45
29,Stainless steel grater,9.99,9.45,2016-04-20 4:02:45
29,Stainless steel grater,9.99,9.48,2016-07-17 7:57:35
29,Stainless steel grater,9.99,9.54,2016-09-12 15:44:46
29,Stainless steel grater,9.99,9.52,2016-09-22 14:32:34
29,Stainless steel grater,9.99,9.52,2016-10-04 6:48:12
29,Stainless steel grater,9.99,9.57,2016-12-23 4:36:12
29,Stainless steel grater,9.99,9.62,2017-01-26 18:49:36
29,Stainless steel grater,9.99,9.6,2017-03-25 10:52:14
29,Stainless steel grater,9.99,9.64,2017-04-06 7:56:26
29,Stainless steel grater,9.99,9.61,2017-05-04 11:10:08
29,Stainless steel grater,9.99,9.74,2017-10-18 23:37:36
29,Stainless steel grater,9.99,9.76,2017-11-26 17:21:12
29,Stainless steel grater,9.99,9.8,2018-02-20 22:59:13
29,Stainless steel grater,9.99,9.98,2018-12-11 16:59:57
30,Waterproof boots,120.45,107.28,2014-02-19 10:13:51
30,Waterproof boots,120.45,107.67,2014-04-19 15:27:33
30,Waterproof boots,120.45,108.54,2014-04-20 19:06:31
30,Waterproof boots,120.45,109.35,2014-05-11 17:59:36
30,Waterproof boots,120.45,109.01,2014-06-03 10:58:53
30,Waterproof boots,120.45,109.22,2014-06-06 5:21:56
30,Waterproof boots,120.45,109.65,2014-06-26 19:34:57
30,Waterproof boots,120.45,108.84,2014-10-05 17:36:32
30,Waterproof boots,120.45,110.7,2014-11-04 8:38:27
30,Waterproof boots,120.45,109.69,2015-01-15 17:52:33
30,Waterproof boots,120.45,110.97,2015-01-20 23:39:51
30,Waterproof boots,120.45,111.11,2015-03-08 16:43:13
30,Waterproof boots,120.45,111.35,2015-04-14 21:57:28
30,Waterproof boots,120.45,112.2,2015-05-18 15:17:31
30,Waterproof boots,120.45,112.64,2015-10-13 15:54:28
30,Waterproof boots,120.45,111.95,2015-10-13 15:54:28
30,Waterproof boots,120.45,112.41,2015-11-12 7:36:29
30,Waterproof boots,120.45,114.04,2016-03-04 13:45:04
30,Waterproof boots,120.45,112.92,2016-03-09 9:43:58
30,Waterproof boots,120.45,114.63,2016-07-15 14:26:40
30,Waterproof boots,120.45,115.77,2016-12-23 4:36:12
30,Waterproof boots,120.45,115.22,2017-01-17 3:37:57
30,Waterproof boots,120.45,115.75,2017-03-28 4:44:53
30,Waterproof boots,120.45,116.76,2017-07-24 20:37:22
30,Waterproof boots,120.45,118.55,2018-04-05 5:30:01
30,Waterproof boots,120.45,118.92,2018-05-04 19:04:32
30,Waterproof boots,120.45,119.13,2018-07-05 13:12:51
31,Wooden stirring spoon,8.77,7.96,2014-02-17 1:25:58
31,Wooden stirring spoon,8.77,7.98,2014-04-19 15:27:33
31,Wooden stirring spoon,8.77,8.02,2015-02-03 5:28:14
31,Wooden stirring spoon,8.77,8.03,2015-02-24 10:21:20
31,Wooden stirring spoon,8.77,8.26,2016-01-24 17:31:50
31,Wooden stirring spoon,8.77,8.25,2016-04-25 7:57:51
31,Wooden stirring spoon,8.77,8.32,2016-07-17 7:57:35
31,Wooden stirring spoon,8.77,8.3,2016-08-14 17:03:22
31,Wooden stirring spoon,8.77,8.41,2016-11-12 3:47:22
31,Wooden stirring spoon,8.77,8.46,2017-03-24 22:28:54
31,Wooden stirring spoon,8.77,8.66,2018-04-24 11:47:34
31,Wooden stirring spoon,8.77,8.75,2018-11-20 14:02:41
32,Small hand-woven rug,130.55,117.93,2014-01-14 7:27:17
32,Small hand-woven rug,130.55,117.3,2014-02-16 16:09:51
32,Small hand-woven rug,130.55,118.74,2014-03-16 16:21:50
32,Small hand-woven rug,130.55,118.66,2014-04-16 14:31:36
32,Small hand-woven rug,130.55,117.06,2014-04-18 14:44:12
32,Small hand-woven rug,130.55,118.23,2014-06-03 10:58:53
32,Small hand-woven rug,130.55,118.97,2014-06-26 19:34:57
32,Small hand-woven rug,130.55,117.87,2014-08-03 20:22:20
32,Small hand-woven rug,130.55,118.11,2014-09-23 7:56:51
32,Small hand-woven rug,130.55,118.85,2014-10-02 17:20:52
32,Small hand-woven rug,130.55,119.63,2014-10-02 17:20:52
32,Small hand-woven rug,130.55,118.58,2014-10-02 17:20:52
32,Small hand-woven rug,130.55,118.94,2014-11-07 1:50:28
32,Small hand-woven rug,130.55,120.31,2014-12-26 18:31:46
32,Small hand-woven rug,130.55,120.04,2015-02-03 5:28:14
32,Small hand-woven rug,130.55,120.97,2015-02-24 10:21:20
32,Small hand-woven rug,130.55,120.89,2015-05-22 3:54:27
32,Small hand-woven rug,130.55,120.56,2015-05-22 3:54:27
32,Small hand-woven rug,130.55,121.06,2015-07-19 22:17:30
32,Small hand-woven rug,130.55,121.28,2015-11-12 7:36:29
32,Small hand-woven rug,130.55,122.31,2016-01-25 12:20:26
32,Small hand-woven rug,130.55,123.25,2016-03-16 10:44:15
32,Small hand-woven rug,130.55,122.95,2016-04-20 4:02:45
32,Small hand-woven rug,130.55,123.11,2016-04-25 7:57:51
32,Small hand-woven rug,130.55,123.54,2016-05-03 16:46:21
32,Small hand-woven rug,130.55,123.36,2016-06-22 22:26:49
32,Small hand-woven rug,130.55,123.24,2016-07-03 5:38:52
32,Small hand-woven rug,130.55,124.03,2016-07-15 14:26:40
32,Small hand-woven rug,130.55,123.98,2016-07-25 18:47:07
32,Small hand-woven rug,130.55,124.38,2016-07-25 18:47:07
32,Small hand-woven rug,130.55,123.51,2016-08-14 17:03:22
32,Small hand-woven rug,130.55,124.37,2016-09-10 16:27:21
32,Small hand-woven rug,130.55,124.17,2016-09-10 16:27:21
32,Small hand-woven rug,130.55,124.68,2016-09-20 12:01:55
32,Small hand-woven rug,130.55,125.02,2016-11-21 6:01:58
32,Small hand-woven rug,130.55,124.39,2016-11-21 6:01:58
32,Small hand-woven rug,130.55,125.67,2017-01-26 9:09:47
32,Small hand-woven rug,130.55,125.26,2017-03-05 16:55:52
32,Small hand-woven rug,130.55,126.12,2017-03-25 10:52:14
32,Small hand-woven rug,130.55,125.56,2017-03-28 4:44:53
32,Small hand-woven rug,130.55,126.5,2017-05-18 21:03:42
32,Small hand-woven rug,130.55,126.75,2017-07-24 20:37:22
32,Small hand-woven rug,130.55,127.46,2017-12-02 6:27:31
32,Small hand-woven rug,130.55,127.44,2017-12-02 17:07:12
32,Small hand-woven rug,130.55,127.87,2017-12-02 17:07:12
32,Small hand-woven rug,130.55,127.43,2017-12-02 17:07:12
32,Small hand-woven rug,130.55,127.69,2017-12-06 21:58:06
32,Small hand-woven rug,130.55,128.28,2018-03-09 12:23:26
32,Small hand-woven rug,130.55,128.33,2018-03-09 12:23:26
32,Small hand-woven rug,130.55,128.72,2018-04-23 23:43:09
32,Small hand-woven rug,130.55,128.8,2018-04-23 23:43:09
32,Small hand-woven rug,130.55,128.63,2018-05-04 19:04:32
32,Small hand-woven rug,130.55,129.32,2018-07-05 13:12:51
32,Small hand-woven rug,130.55,130.07,2018-11-02 5:48:49
32,Small hand-woven rug,130.55,130.26,2018-11-24 13:57:23
33,Premium saucepan,90,79.81,2014-01-14 7:27:17
33,Premium saucepan,90,81.52,2014-02-21 14:58:25
33,Premium saucepan,90,80.21,2014-02-21 14:58:25
33,Premium saucepan,90,81.77,2014-03-16 16:21:50
33,Premium saucepan,90,80.5,2014-04-16 14:31:36
33,Premium saucepan,90,80.91,2014-04-18 14:44:12
33,Premium saucepan,90,81.66,2014-05-11 17:59:36
33,Premium saucepan,90,81.95,2014-06-06 5:21:56
33,Premium saucepan,90,81.09,2014-08-03 20:22:20
33,Premium saucepan,90,82.53,2014-08-15 16:54:29
33,Premium saucepan,90,82.36,2014-08-15 16:54:29
33,Premium saucepan,90,81.01,2014-08-15 16:54:29
33,Premium saucepan,90,81.54,2014-09-14 3:49:45
33,Premium saucepan,90,81.64,2014-11-15 21:20:41
33,Premium saucepan,90,81.72,2014-11-17 12:09:01
33,Premium saucepan,90,82.98,2015-01-01 9:17:13
33,Premium saucepan,90,82.38,2015-01-17 9:20:01
33,Premium saucepan,90,82.27,2015-03-05 18:04:37
33,Premium saucepan,90,82.7,2015-04-14 21:57:28
33,Premium saucepan,90,83.73,2015-07-19 22:17:30
33,Premium saucepan,90,83.62,2015-09-05 10:20:52
33,Premium saucepan,90,83.7,2015-10-22 7:38:43
33,Premium saucepan,90,84.68,2015-12-10 9:47:48
33,Premium saucepan,90,84.3,2016-01-24 11:38:27
33,Premium saucepan,90,85.14,2016-03-04 13:45:04
33,Premium saucepan,90,85.27,2016-06-22 22:26:49
33,Premium saucepan,90,85.04,2016-07-25 18:47:07
33,Premium saucepan,90,85.4,2016-08-14 17:03:22
33,Premium saucepan,90,85.86,2016-09-22 14:32:34
33,Premium saucepan,90,86.36,2017-03-01 22:44:02
33,Premium saucepan,90,86.36,2017-03-21 18:07:20
33,Premium saucepan,90,86.64,2017-05-11 3:56:27
33,Premium saucepan,90,87.52,2017-10-14 10:04:09
33,Premium saucepan,90,88.04,2017-11-08 5:38:13
33,Premium saucepan,90,87.76,2017-11-26 17:21:12
33,Premium saucepan,90,88.58,2018-04-05 5:30:01
33,Premium saucepan,90,89.6,2018-10-21 3:39:50
34,Antique-look sidetable,120.34,106.8,2014-01-14 20:03:43
34,Antique-look sidetable,120.34,107.54,2014-04-16 14:31:36
34,Antique-look sidetable,120.34,110.73,2015-04-28 17:52:02
34,Antique-look sidetable,120.34,111.02,2015-07-19 22:17:30
34,Antique-look sidetable,120.34,112.53,2015-10-16 12:26:47
34,Antique-look sidetable,120.34,112.56,2015-11-12 7:36:29
34,Antique-look sidetable,120.34,116.28,2017-04-06 7:56:26
34,Antique-look sidetable,120.34,119.82,2018-10-21 3:39:50
35,Gold pendant,75.6,68.01,2014-01-25 7:27:13
35,Gold pendant,75.6,68.46,2014-02-17 1:25:58
35,Gold pendant,75.6,68.54,2014-04-19 15:27:33
35,Gold pendant,75.6,68.6,2014-05-11 14:16:06
35,Gold pendant,75.6,68.92,2014-06-16 21:17:54
35,Gold pendant,75.6,68.44,2014-07-04 15:55:24
35,Gold pendant,75.6,69.01,2014-08-05 23:03:47
35,Gold pendant,75.6,69.52,2014-10-02 10:48:32
35,Gold pendant,75.6,69.38,2014-10-02 10:48:32
35,Gold pendant,75.6,68.77,2014-10-02 17:20:52
35,Gold pendant,75.6,68.68,2014-10-05 17:36:32
35,Gold pendant,75.6,69.54,2014-10-12 2:46:32
35,Gold pendant,75.6,68.6,2014-11-17 12:09:01
35,Gold pendant,75.6,68.52,2014-11-17 12:09:01
35,Gold pendant,75.6,69.65,2014-12-08 15:57:44
35,Gold pendant,75.6,68.98,2015-01-15 17:52:33
35,Gold pendant,75.6,70.05,2015-02-24 10:21:20
35,Gold pendant,75.6,69.06,2015-03-05 18:04:37
35,Gold pendant,75.6,69.69,2015-04-14 21:57:28
35,Gold pendant,75.6,69.36,2015-05-07 5:46:38
35,Gold pendant,75.6,69.48,2015-06-02 11:18:23
35,Gold pendant,75.6,70.44,2015-07-28 1:50:48
35,Gold pendant,75.6,70.69,2015-08-14 6:02:14
35,Gold pendant,75.6,71.11,2015-11-22 18:55:10
35,Gold pendant,75.6,70.67,2015-11-22 18:55:10
35,Gold pendant,75.6,70.82,2016-01-17 23:54:58
35,Gold pendant,75.6,71.16,2016-01-24 17:31:50
35,Gold pendant,75.6,71.38,2016-02-04 10:44:07
35,Gold pendant,75.6,70.73,2016-03-03 4:26:05
35,Gold pendant,75.6,70.91,2016-03-03 4:26:05
35,Gold pendant,75.6,71.63,2016-04-20 4:02:45
35,Gold pendant,75.6,71.86,2016-08-14 17:03:22
35,Gold pendant,75.6,72.03,2016-09-10 16:27:21
35,Gold pendant,75.6,72.08,2016-11-25 11:54:52
35,Gold pendant,75.6,72.74,2017-01-26 9:09:47
35,Gold pendant,75.6,72.47,2017-03-05 16:55:52
35,Gold pendant,75.6,72.66,2017-03-13 22:08:08
35,Gold pendant,75.6,72.81,2017-03-13 22:08:08
35,Gold pendant,75.6,72.71,2017-03-28 4:44:53
35,Gold pendant,75.6,74.2,2018-02-06 1:14:53
35,Gold pendant,75.6,74.11,2018-02-07 2:44:19
35,Gold pendant,75.6,74.19,2018-02-08 20:29:16
35,Gold pendant,75.6,74.34,2018-03-09 12:23:26
35,Gold pendant,75.6,74.53,2018-04-24 11:47:34
35,Gold pendant,75.6,74.82,2018-06-26 17:22:18
35,Gold pendant,75.6,75.33,2018-11-02 5:48:49
35,Gold pendant,75.6,75.43,2018-11-24 13:57:23
36,Sterling silver braclet,35,31.48,2014-02-19 10:13:51
36,Sterling silver braclet,35,31.38,2014-02-19 10:13:51
36,Sterling silver braclet,35,31.77,2014-06-06 5:21:56
36,Sterling silver braclet,35,31.75,2014-06-26 19:34:57
36,Sterling silver braclet,35,31.93,2014-08-21 21:26:03
36,Sterling silver braclet,35,31.87,2014-09-12 1:08:06
36,Sterling silver braclet,35,31.91,2014-09-14 3:49:45
36,Sterling silver braclet,35,32,2014-09-14 3:49:45
36,Sterling silver braclet,35,31.74,2014-11-10 17:42:55
36,Sterling silver braclet,35,32.17,2014-11-10 17:42:55
36,Sterling silver braclet,35,32.19,2014-12-16 5:12:01
36,Sterling silver braclet,35,32.31,2015-01-20 23:39:51
36,Sterling silver braclet,35,32.46,2015-06-02 11:18:23
36,Sterling silver braclet,35,32.46,2015-10-06 13:52:45
36,Sterling silver braclet,35,32.85,2015-10-16 12:26:47
36,Sterling silver braclet,35,32.61,2015-10-25 21:56:48
36,Sterling silver braclet,35,32.64,2015-10-25 21:56:48
36,Sterling silver braclet,35,32.6,2015-12-10 9:47:48
36,Sterling silver braclet,35,32.79,2016-01-16 16:01:48
36,Sterling silver braclet,35,33.03,2016-01-17 23:54:58
36,Sterling silver braclet,35,33.06,2016-04-20 4:02:45
36,Sterling silver braclet,35,33.31,2016-06-22 22:26:49
36,Sterling silver braclet,35,33.06,2016-07-17 7:57:35
36,Sterling silver braclet,35,33.27,2016-07-17 7:57:35
36,Sterling silver braclet,35,33.2,2016-08-21 23:45:53
36,Sterling silver braclet,35,33.27,2016-09-10 16:27:21
36,Sterling silver braclet,35,33.36,2016-09-20 12:01:55
36,Sterling silver braclet,35,33.41,2016-11-21 6:01:58
36,Sterling silver braclet,35,33.4,2016-12-23 4:36:12
36,Sterling silver braclet,35,33.65,2017-03-28 4:44:53
36,Sterling silver braclet,35,33.66,2017-03-28 4:44:53
36,Sterling silver braclet,35,33.84,2017-04-06 7:56:26
36,Sterling silver braclet,35,33.87,2017-05-11 3:56:27
36,Sterling silver braclet,35,33.78,2017-06-09 13:58:33
36,Sterling silver braclet,35,34.06,2017-10-18 23:37:36
36,Sterling silver braclet,35,34.27,2017-12-02 17:07:12
36,Sterling silver braclet,35,34.27,2017-12-10 17:30:06
36,Sterling silver braclet,35,34.3,2018-01-27 9:36:01
36,Sterling silver braclet,35,34.39,2018-02-06 1:14:53
36,Sterling silver braclet,35,34.34,2018-02-06 1:14:53
36,Sterling silver braclet,35,34.38,2018-02-07 2:44:19
36,Sterling silver braclet,35,34.66,2018-06-26 17:22:18
36,Sterling silver braclet,35,34.59,2018-06-26 17:22:18
36,Sterling silver braclet,35,34.77,2018-09-13 6:18:24
36,Sterling silver braclet,35,34.85,2018-10-21 3:39:50
36,Sterling silver braclet,35,34.96,2018-12-11 16:59:57
37,Wooden bowl,10,8.93,2014-02-16 16:09:51
37,Wooden bowl,10,8.99,2014-02-17 1:25:58
37,Wooden bowl,10,9,2014-04-16 14:31:36
37,Wooden bowl,10,9.03,2014-06-14 15:30:40
37,Wooden bowl,10,9.13,2014-08-15 16:54:29
37,Wooden bowl,10,9.08,2014-08-21 21:26:03
37,Wooden bowl,10,9.02,2014-09-14 3:49:45
37,Wooden bowl,10,9.03,2014-09-23 7:56:51
37,Wooden bowl,10,9.05,2014-10-05 17:36:32
37,Wooden bowl,10,9.14,2014-11-04 8:38:27
37,Wooden bowl,10,9.18,2014-11-07 1:50:28
37,Wooden bowl,10,9.18,2014-11-10 17:42:55
37,Wooden bowl,10,9.07,2014-11-15 21:20:41
37,Wooden bowl,10,9.23,2014-12-16 5:12:01
37,Wooden bowl,10,9.21,2015-03-05 18:04:37
37,Wooden bowl,10,9.29,2015-05-22 3:54:27
37,Wooden bowl,10,9.22,2015-06-07 21:43:14
37,Wooden bowl,10,9.19,2015-06-07 21:43:14
37,Wooden bowl,10,9.31,2015-06-07 21:43:14
37,Wooden bowl,10,9.34,2015-08-08 19:16:39
37,Wooden bowl,10,9.34,2015-08-08 19:16:39
37,Wooden bowl,10,9.35,2015-11-12 7:36:29
37,Wooden bowl,10,9.4,2016-01-24 17:31:50
37,Wooden bowl,10,9.45,2016-04-25 7:57:51
37,Wooden bowl,10,9.51,2016-07-17 7:57:35
37,Wooden bowl,10,9.5,2016-08-21 23:45:53
37,Wooden bowl,10,9.49,2016-09-26 9:13:35
37,Wooden bowl,10,9.63,2017-01-26 18:49:36
37,Wooden bowl,10,9.61,2017-03-05 16:55:52
37,Wooden bowl,10,9.74,2017-10-06 9:21:19
37,Wooden bowl,10,9.75,2017-10-18 23:37:36
37,Wooden bowl,10,9.78,2018-01-03 12:03:11
37,Wooden bowl,10,9.96,2018-10-21 3:39:50
37,Wooden bowl,10,9.97,2018-11-02 5:48:49
38,Wooden chopping board,12.54,11.16,2014-02-19 10:13:51
38,Wooden chopping board,12.54,11.5,2014-08-15 16:54:29
38,Wooden chopping board,12.54,11.37,2014-08-15 16:54:29
38,Wooden chopping board,12.54,11.53,2014-10-17 11:59:35
38,Wooden chopping board,12.54,11.56,2014-12-16 5:12:01
38,Wooden chopping board,12.54,11.54,2015-03-05 9:31:59
38,Wooden chopping board,12.54,11.58,2015-05-18 15:17:31
38,Wooden chopping board,12.54,11.53,2015-05-22 3:54:27
38,Wooden chopping board,12.54,11.82,2016-01-16 16:01:48
38,Wooden chopping board,12.54,11.75,2016-02-01 20:14:48
38,Wooden chopping board,12.54,11.84,2016-03-09 9:43:58
38,Wooden chopping board,12.54,11.79,2016-04-25 7:57:51
38,Wooden chopping board,12.54,11.85,2016-04-25 10:43:25
38,Wooden chopping board,12.54,11.88,2016-07-25 18:47:07
38,Wooden chopping board,12.54,11.93,2016-08-14 17:03:22
38,Wooden chopping board,12.54,11.92,2016-08-21 23:45:53
38,Wooden chopping board,12.54,11.98,2016-09-10 16:27:21
38,Wooden chopping board,12.54,11.99,2016-09-26 9:13:35
38,Wooden chopping board,12.54,12.08,2017-01-26 18:49:36
38,Wooden chopping board,12.54,12.09,2017-05-11 3:56:27
38,Wooden chopping board,12.54,12.13,2017-06-09 13:58:33
38,Wooden chopping board,12.54,12.13,2017-07-03 11:26:47
38,Wooden chopping board,12.54,12.14,2017-07-15 9:52:40
38,Wooden chopping board,12.54,12.35,2018-04-05 5:30:01
38,Wooden chopping board,12.54,12.36,2018-04-06 11:46:30
38,Wooden chopping board,12.54,12.37,2018-04-06 11:46:30